<root>
   <name>PHP SAML</name>
   <key>phpsaml</key>
   <state>stable</state>
   <logo>https://derrick-smith.com/wp-content/uploads/2020/10/ds_logo_only.png</logo>
   <description>
      <short>
         <en><![CDATA[GLPI plugin that allows you to use SAML to authenticate and authorize users.]]></en>
      </short>
      <long>
         <en><![CDATA[This is a GLPI plugin that facilitates single sign on authentication with an identity provider using the SAML 2.0 protocol. This tool leverages the Onelogin PHP library. Tested with ADFS 2.0+, Google IDP and Azure AD. You can find installation instructions at plugin homepage.<br/><br/>Changelog:<br/><br/> 2015.12:<br/><br/> - plugin is now compatible with GLPI 0.90<br/><br/>2017.05:<br/><br/>- plugin is now compatible with GLPI 9.1.3<br/><br/>2021.01:<br/><br/>- Version 1.1 release<br/><br/><a href="https://github.com/derricksmith/phpsaml">PHP SAML on Github</a>]]></en>
      </long>
   </description>
   <homepage>https://github.com/derricksmith/phpsaml</homepage>
   <download>https://github.com/derricksmith/phpsaml/releases</download>
   <authors>
      <author>Derrick Smith</author>
   </authors>
   <versions>
      <version>
         <num>1.2.1</num>
		 <compatibility>~10.0.9</compatibility>
		 <compatibility>~9.7</compatibility>
         <compatibility>~9.6</compatibility>
         <compatibility>~9.5</compatibility>
         <compatibility>~9.4</compatibility>
         <download_url>https://github.com/derricksmith/phpsaml/archive/1.2.1.zip</download_url>
      </version> 
	  <version>
         <num>1.2.0</num>
		 <compatibility>10.0.0</compatibility>
		 <compatibility>9.7</compatibility>
         <compatibility>9.6</compatibility>
         <compatibility>9.5</compatibility>
         <compatibility>9.4</compatibility>
         <download_url>https://github.com/derricksmith/phpsaml/archive/1.2.0.zip</download_url>
      </version>   
      <version>
         <num>1.1.3</num>
         <compatibility>9.6</compatibility>
         <compatibility>9.5</compatibility>
         <compatibility>9.4</compatibility>
         <download_url>https://github.com/derricksmith/phpsaml/archive/1.1.3.zip</download_url>
      </version>
      <version>
         <num>1.1.2</num>
         <compatibility>9.6</compatibility>
         <compatibility>9.5</compatibility>
         <compatibility>9.4</compatibility>
         <download_url>https://github.com/derricksmith/phpsaml/archive/1.1.2.zip</download_url>
      </version>
	  <version>
         <num>1.1.1</num>
         <compatibility>9.6</compatibility>
         <compatibility>9.5</compatibility>
         <compatibility>9.4</compatibility>
         <download_url>https://github.com/derricksmith/phpsaml/archive/1.1.1.zip</download_url>
      </version>
	  <version>
         <num>1.1</num>
         <compatibility>9.6</compatibility>
         <compatibility>9.5</compatibility>
         <compatibility>9.4</compatibility>
         <download_url>https://github.com/derricksmith/phpsaml/archive/1.1.0.zip</download_url>
      </version>
	  <version>
         <num>1.0</num>
         <compatibility>9.6</compatibility>
         <compatibility>9.5</compatibility>
         <compatibility>9.4</compatibility>
         <download_url>https://github.com/derricksmith/phpsaml/archive/1.0.0.zip</download_url>
      </version>
   </versions>
   <langs>
      <lang>en_GB</lang>
   </langs>
   <license><![CDATA[GPL v2+]]></license>
   <tags>
         <en>
            <tag>Setup</tag>
         </en>
   </tags>
   <screenshots>
      <screenshot>https://derrick-smith.com/wp-content/uploads/2020/10/Settings.png</screenshot>
      <screenshot>https://derrick-smith.com/wp-content/uploads/2020/10/Azure-Configuration.png</screenshot>
   </screenshots>
</root>
